dataset,mean_bias_delta,max_bias_delta,min_bias_delta,fairness_stability_index,stability_category
COMPAS,0.3344371887179021,0.4786779504856076,0.18951390354578804,0.7492178899471348,High
Loan,0.13060617842239688,0.17922682267562848,0.08252044347644562,0.7441711734282425,High
Census,0.5927200512031344,0.9768152120589492,0.3779947197210956,0.7435013506953652,High
